[
  {
    "id": 1,
    "name": "曹羽晨",
    "dob": "不知道",
    "class": "12班",
    "position": "数学课代表",
    "bio": "作者水平就这样"
  },
  {
    "id": 2,
    "name": "曾欣",
    "dob": "不知道",
    "class": "12班",
    "position": "同学",
    "bio": "作者水平就这样"
  },
  {
    "id": 3,
    "name": "曾钟毅",
    "dob": "不知道",
    "class": "12班",
    "position": "化学课代表",
    "bio": "作者水平就这样"
  },
  {
    "id": 4,
    "name": "陈睿阳",
    "dob": "不知道",
    "class": "12班",
    "position": "化学课代表",
    "bio": "作者水平就这样"
  },
  {
    "id": 5,
    "name": "陈宇桐",
    "dob": "不知道",
    "class": "12班",
    "position": "同学",
    "bio": "作者水平就这样"
  },
  {
    "id": 6,
    "name": "符加怡",
    "dob": "不知道",
    "class": "12班",
    "position": "同学",
    "bio": "作者水平就这样"
  },
  {
    "id": 7,
    "name": "龚星羽",
    "dob": "不知道",
    "class": "12班",
    "position": "政治课代表",
    "bio": "作者水平就这样"
  },
  {
    "id": 8,
    "name": "谷秋瑜",
    "dob": "不知道",
    "class": "12班",
    "position": "同学",
    "bio": "作者水平就这样"
  },
  {
    "id": 9,
    "name": "苟俊浩",
    "dob": "不知道",
    "class": "12班",
    "position": "同学",
    "bio": "作者水平就这样"
  },
  {
    "id": 10,
    "name": "何明璁",
    "dob": "不知道",
    "class": "12班",
    "position": "化学课代表",
    "bio": "热爱发呆，喜欢化学，我要穷死了，行行好爆点金币吧！ (/≧▽≦)/"
  },
  {
    "id": 11,
    "name": "何怡懿",
    "dob": "不知道",
    "class": "12班",
    "position": "美术课代表",
    "bio": "作者水平就这样"
  },
  {
    "id": 12,
    "name": "贺代君",
    "dob": "不知道",
    "class": "12班",
    "position": "语文课代表",
    "bio": "作者水平就这样"
  },
  {
    "id": 13,
    "name": "黄晨熹",
    "dob": "不知道",
    "class": "12班",
    "position": "同学",
    "bio": "作者水平就这样"
  },
  {
    "id": 14,
    "name": "蒋昕妤",
    "dob": "不知道",
    "class": "12班",
    "position": "同学",
    "bio": "作者水平就这样"
  },
  {
    "id": 15,
    "name": "蒋雨涵",
    "dob": "不知道",
    "class": "12班",
    "position": "同学",
    "bio": "作者水平就这样"
  },
  {
    "id": 16,
    "name": "康荣耀",
    "dob": "不知道",
    "class": "12班",
    "position": "同学",
    "bio": "作者水平就这样"
  },
  {
    "id": 17,
    "name": "雷雅琳",
    "dob": "不知道",
    "class": "12班",
    "position": "同学",
    "bio": "作者水平就这样"
  },
  {
    "id": 18,
    "name": "李俊希",
    "dob": "不知道",
    "class": "12班",
    "position": "前体育课代表",
    "bio": "作者水平就这样"
  },
  {
    "id": 19,
    "name": "林筱优",
    "dob": "不知道",
    "class": "12班",
    "position": "同学",
    "bio": "作者水平就这样"
  },
  {
    "id": 20,
    "name": "刘承昊",
    "dob": "不知道",
    "class": "12班",
    "position": "语文课代表",
    "bio": "作者水平就这样"
  },
  {
    "id": 21,
    "name": "刘丁豪",
    "dob": "不知道",
    "class": "12班",
    "position": "同学",
    "bio": "作者水平就这样"
  },
  {
    "id": 22,
    "name": "刘嘉翱",
    "dob": "不知道",
    "class": "12班",
    "position": "同学",
    "bio": "作者水平就这样"
  },
  {
    "id": 23,
    "name": "刘乐颜",
    "dob": "不知道",
    "class": "12班",
    "position": "同学",
    "bio": "作者水平就这样"
  },
  {
    "id": 24,
    "name": "罗浩然",
    "dob": "不知道",
    "class": "12班",
    "position": "同学",
    "bio": "作者水平就这样"
  },
  {
    "id": 25,
    "name": "罗伟中",
    "dob": "不知道",
    "class": "12班",
    "position": "同学",
    "bio": "作者水平就这样"
  },
  {
    "id": 26,
    "name": "聂郁霏",
    "dob": "不知道",
    "class": "12班",
    "position": "同学",
    "bio": "作者水平就这样"
  },
  {
    "id": 27,
    "name": "潘睿",
    "dob": "不知道",
    "class": "12班",
    "position": "同学",
    "bio": "作者水平就这样"
  },
  {
    "id": 28,
    "name": "任诗妍",
    "dob": "不知道",
    "class": "12班",
    "position": "前语文课代表",
    "bio": "作者水平就这样"
  },
  {
    "id": 29,
    "name": "沈世洋",
    "dob": "不知道",
    "class": "12班",
    "position": "同学",
    "bio": "作者水平就这样"
  },
  {
    "id": 30,
    "name": "孙愽一",
    "dob": "不知道",
    "class": "12班",
    "position": "前体育课代表",
    "bio": "作者水平就这样"
  },
  {
    "id": 31,
    "name": "谭丰宁",
    "dob": "不知道",
    "class": "12班",
    "position": "班长 语文课代表",
    "bio": "作者水平就这样"
  },
  {
    "id": 32,
    "name": "唐子旺",
    "dob": "不知道",
    "class": "12班",
    "position": "同学",
    "bio": "作者水平就这样"
  },
  {
    "id": 33,
    "name": "汪俊豪",
    "dob": "不知道",
    "class": "12班",
    "position": "同学",
    "bio": "作者水平就这样"
  },
  {
    "id": 34,
    "name": "王林瀚",
    "dob": "不知道",
    "class": "12班",
    "position": "物理课代表",
    "bio": "作者水平就这样"
  },
  {
    "id": 35,
    "name": "王雅诗",
    "dob": "不知道",
    "class": "12班",
    "position": "同学",
    "bio": "作者水平就这样"
  },
  {
    "id": 36,
    "name": "王悦辰",
    "dob": "不知道",
    "class": "12班",
    "position": "同学",
    "bio": "作者水平就这样"
  },
  {
    "id": 37,
    "name": "向馨锐",
    "dob": "不知道",
    "class": "12班",
    "position": "同学 睡神",
    "bio": "作者水平就这样"
  },
  {
    "id": 38,
    "name": "肖涵",
    "dob": "不知道",
    "class": "12班",
    "position": "同学",
    "bio": "作者水平就这样"
  },
  {
    "id": 39,
    "name": "幸珂毅",
    "dob": "不知道",
    "class": "12班",
    "position": "信息课代表",
    "bio": "作者水平就这样"
  },
  {
    "id": 40,
    "name": "熊浚屹",
    "dob": "不知道",
    "class": "12班",
    "position": "体育课代表",
    "bio": "作者水平就这样"
  },
  {
    "id": 41,
    "name": "杨家欣",
    "dob": "不知道",
    "class": "12班",
    "position": "物理课代表",
    "bio": "作者水平就这样"
  },
  {
    "id": 42,
    "name": "叶柃诒",
    "dob": "不知道",
    "class": "12班",
    "position": "英语课代表",
    "bio": "作者水平就这样"
  },
  {
    "id": 43,
    "name": "袁泓金雨",
    "dob": "不知道",
    "class": "12班",
    "position": "同学",
    "bio": "作者水平就这样"
  },
  {
    "id": 44,
    "name": "张可馨",
    "dob": "不知道",
    "class": "12班",
    "position": "语文课代表",
    "bio": "作者水平就这样"
  },
  {
    "id": 45,
    "name": "张国航",
    "dob": "不知道",
    "class": "12班",
    "position": "同学",
    "bio": "作者水平就这样"
  },
  {
    "id": 46,
    "name": "张芸溪",
    "dob": "不知道",
    "class": "不知道班",
    "position": "不知道",
    "bio": "作者水平就这样"
  },
  {
    "id": 47,
    "name": "张乙然",
    "dob": "不知道",
    "class": "12班",
    "position": "同学",
    "bio": "作者水平就这样"
  },
  {
    "id": 48,
    "name": "赵诗淇",
    "dob": "不知道",
    "class": "12班",
    "position": "历史课代表 化学课代表",
    "bio": "作者水平就这样"
  },
  {
    "id": 49,
    "name": "赵翔宇",
    "dob": "不知道",
    "class": "12班",
    "position": "同学",
    "bio": "作者水平就这样"
  },
  {
    "id": 50,
    "name": "郑紫尹",
    "dob": "不知道",
    "class": "12班",
    "position": "英语课代表 体育课代表",
    "bio": "作者水平就这样"
  },
  {
    "id": 51,
    "name": "朱虓",
    "dob": "不知道",
    "class": "12班",
    "position": "同学",
    "bio": "作者水平就这样"
  },
  {
    "id": 52,
    "name": "朱馨怡",
    "dob": "不知道",
    "class": "12班",
    "position": "同学",
    "bio": "作者水平就这样"
  },
  {
    "id": 53,
    "name": "邹昊男",
    "dob": "不知道",
    "class": "12班",
    "position": "同学",
    "bio": "作者水平就这样"
  },
  {
    "id": 54,
    "name": "吴鹏举",
    "dob": "不知道",
    "class": "12班",
    "position": "数学课代表 英语课代表 化学课代表",
    "bio": "作者水平就这样"
  },
  {
    "id": 91,
    "name": "胡俊逸",
    "dob": "不知道",
    "class": "9班",
    "position": "物理课代表",
    "bio": "姓名：胡俊逸\n性别：男\n年龄：15\n工作：学生\n学校：95中\n属性：M\n星座：水瓶座\n爱好：玩游戏"
  }
]